Open,High,Low,Close,Adj Close,Volume
34158.19921875,34835.0,34094.3984375,34781.5,34781.5,0
