Open,High,Low,Close,Adj Close,Volume
313.75,314.04998779296875,299.8999938964844,300.45001220703125,300.45001220703125,0
