Open,High,Low,Close,Adj Close,Volume
14141.099609375,14252.349609375,13848.9501953125,13885.5,13885.5,0
